id,email_id,recipient_type,recipient_email,recipient_name,created_at,updated_at
0298bced-38bb-41e1-b05e-bf52b36b97ed,4cece66b-f615-4853-b5b8-e1fc78ee0c26,FROM,wmfarooqi05@gmail.com,Waleed Farooqi,2023-06-03 15:11:47.051293+00,2023-06-03 15:11:47.051293+00
17e6a25e-0ef6-474f-8e77-e6c4003f9fd0,5cafbc01-9daf-43d1-aa17-cb45b9bdcbdc,FROM_LIST,wmfarooqi05@gmail.com,Waleed Mehmood,2023-06-05 16:23:37.38007+00,2023-06-05 16:23:37.38007+00
1b206601-86bb-44e6-8b0e-f9b0fbd7b768,e870c4e6-20d5-44be-80b2-dd206ea0c486,TO_LIST,wmfarooqi70@gmail.com,waleed 70,2023-05-31 14:43:23.591133+00,2023-05-31 14:43:23.591133+00
1bfb30a0-2d9e-4aee-9c17-942fd25d47bc,d398589e-d0dd-43c9-a12d-2c6a9b23166c,CC_LIST,olivia@example.com,Olivia Clark,2023-06-04 20:45:29.11736+00,2023-06-04 20:45:29.11736+00
1e44e873-8fa5-4d01-8f99-b7d63f26e07e,d398589e-d0dd-43c9-a12d-2c6a9b23166c,CC_LIST,david@example.com,David Wilson,2023-06-04 20:45:29.11736+00,2023-06-04 20:45:29.11736+00
275934f9-96fc-4e66-8f9b-03299be5977c,4cece66b-f615-4853-b5b8-e1fc78ee0c26,TO_LIST,admin@elywork.com,,2023-06-03 15:25:44.212459+00,2023-06-03 15:25:44.212459+00
27e8ac33-1fde-4844-a68b-93ef73c64f92,e0c52511-69e2-4e10-b14c-2d33b95a5f5a,TO_LIST,samantha@example.com,Samantha Turner,2023-06-04 20:45:29.11736+00,2023-06-04 20:45:29.11736+00
28d176da-aa79-4e4d-b66e-5e16c6bda823,5e1e4a6f-81c6-43b5-a9e9-0c1587537dd3,BCC_LIST,liam@example.com,Liam Turner,2023-06-04 20:45:29.11736+00,2023-06-04 20:45:29.11736+00
29a77fce-a7d3-46ec-acd7-74566e33ba06,853181ec-7c6d-43a6-b024-2e7d95402e3c,TO_LIST,wmfarooqi05@gmail.com,Waleed Mehmood,2023-06-05 16:23:37.38007+00,2023-06-05 17:25:37.8464+00
29bf4e8a-6133-4440-b4de-b9df83c63b73,175f38cd-323e-4989-9847-5186583dd37e,FROM_LIST,wmfarooqi05@gmail.com,Waleed Mehmood,2023-06-05 16:23:37.38007+00,2023-06-05 16:23:37.38007+00
29e8f9e3-8895-4c07-a1fe-8e08d6ffeb1a,0a5a94f8-1765-4bb4-a5f6-2a6b826f5a44,CC_LIST,natalie@example.com,Natalie Garcia,2023-06-04 20:45:29.11736+00,2023-06-04 20:45:29.11736+00
2fe9a03e-dffc-4345-9484-8a66e7a9d67a,d398589e-d0dd-43c9-a12d-2c6a9b23166c,BCC_LIST,sarah@example.com,Sarah Davis,2023-06-04 20:45:29.11736+00,2023-06-04 20:45:29.11736+00
3245fff5-de65-4fc6-9638-53b708b93d43,4cece66b-f615-4853-b5b8-e1fc78ee0c26,FROM,wmfarooqi05@gmail.com,Waleed Farooqi,2023-06-03 15:29:34.381222+00,2023-06-03 15:29:34.381222+00
324a60c7-d7e4-4906-871d-6e3364af5208,4cece66b-f615-4853-b5b8-e1fc78ee0c26,TO_LIST,admin@elywork.com,,2023-06-03 14:42:53.497519+00,2023-06-03 14:42:53.497519+00
326102fe-9921-4674-a58f-20b36aee8196,4cece66b-f615-4853-b5b8-e1fc78ee0c26,TO_LIST,admin@elywork.com,,2023-06-03 15:11:47.051293+00,2023-06-03 15:11:47.051293+00
3ba4cdd2-9f2a-4d45-8553-a890010bce8f,4cece66b-f615-4853-b5b8-e1fc78ee0c26,FROM,wmfarooqi05@gmail.com,Waleed Farooqi,2023-06-03 14:42:53.497519+00,2023-06-03 14:42:53.497519+00
3d650867-72bc-40eb-bd65-3e56570b56b4,6f7bc30c-bdcc-40db-b82d-30e6dfc5ddc4,TO_LIST,wmfarooqi05@gmail.com,Waleed Mehmood,2023-06-05 16:23:37.38007+00,2023-06-05 17:25:37.8464+00
4051cd5c-4153-4ddf-a34d-c58b4ca93ba5,4cece66b-f615-4853-b5b8-e1fc78ee0c26,FROM,wmfarooqi05@gmail.com,Waleed Farooqi,2023-06-03 15:02:51.824547+00,2023-06-03 15:02:51.824547+00
444889f7-b1d2-43e3-b00c-842a1ba737b1,4cece66b-f615-4853-b5b8-e1fc78ee0c26,TO_LIST,admin@elywork.com,,2023-06-03 15:02:51.824547+00,2023-06-03 15:02:51.824547+00
458354fa-b531-4f48-b0f7-08258a7d79a0,4cece66b-f615-4853-b5b8-e1fc78ee0c26,FROM,wmfarooqi05@gmail.com,Waleed Farooqi,2023-06-03 15:25:44.212459+00,2023-06-03 15:25:44.212459+00
4d46d3ad-446f-4b65-aac4-724d14cf9037,e3b97563-9379-4e02-945a-4ea5856d96d0,TO_LIST,wmfarooqi70@gmail.com,Farooqi 70,2023-06-05 16:23:37.38007+00,2023-06-05 17:25:37.8464+00
4db08029-3db0-42a8-9c94-c324d25019cf,9b15eef7-b97f-4ae3-923d-62ba57b5a79b,TO_LIST,wmfarooqi70@gmail.com,Farooqi 70,2023-06-05 16:23:37.38007+00,2023-06-05 16:23:37.38007+00
4f218f55-ef1c-47c7-b54e-37339354f7a1,4cece66b-f615-4853-b5b8-e1fc78ee0c26,TO_LIST,admin@elywork.com,,2023-06-03 15:23:33.546439+00,2023-06-03 15:23:33.546439+00
61f48251-8c44-47a6-b7a3-108ed56e1818,5cafbc01-9daf-43d1-aa17-cb45b9bdcbdc,TO_LIST,wmfarooqi70@gmail.com,Farooqi 70,2023-06-05 16:23:37.38007+00,2023-06-05 16:23:37.38007+00
66b7182d-c9c1-4f72-9b0b-896288d04344,6f7bc30c-bdcc-40db-b82d-30e6dfc5ddc4,FROM_LIST,wmfarooqi70@gmail.com,Farooqi 70,2023-06-05 16:23:37.38007+00,2023-06-05 17:25:37.8464+00
6a4f77fe-74d6-4a16-8eab-b42a5e4c8822,5e1e4a6f-81c6-43b5-a9e9-0c1587537dd3,TO_LIST,ethan@example.com,Ethan Adams,2023-06-04 20:45:29.11736+00,2023-06-04 20:45:29.11736+00
6d4e6784-7fff-4284-94fa-028fde6309e9,89035f60-0880-4a30-8f09-be173a7ce817,FROM_LIST,wmfarooqi70@gmail.com,Farooqi 70,2023-06-05 16:23:37.38007+00,2023-06-05 17:25:37.8464+00
6f44db06-2a6a-4a7c-b7a2-90ac13a361c3,1c5f703b-4422-4f70-8f1f-6ff4c74d7f1f,BCC_LIST,bob@example.com,Bob Johnson,2023-06-04 20:45:29.11736+00,2023-06-04 20:45:29.11736+00
7f4c3f3b-7916-4b82-b727-0c5036941177,5560eef1-25b3-4df0-a889-7c51fd7081a3,BCC_LIST,james@example.com,James Moore,2023-06-04 20:45:29.11736+00,2023-06-04 20:45:29.11736+00
7fcc77d3-e759-4563-acee-27176d3e67b2,4cece66b-f615-4853-b5b8-e1fc78ee0c26,TO_LIST,admin@elywork.com,,2023-06-03 15:29:34.381222+00,2023-06-03 15:29:34.381222+00
825c54a2-9a50-49b4-becc-6172c5a7f8f2,89035f60-0880-4a30-8f09-be173a7ce817,TO_LIST,wmfarooqi05@gmail.com,Waleed Mehmood,2023-06-05 16:23:37.38007+00,2023-06-05 17:25:37.8464+00
83ac2d91-4af1-4e60-bf46-70580a73c0c4,e0c52511-69e2-4e10-b14c-2d33b95a5f5a,CC_LIST,andrew@example.com,Andrew Taylor,2023-06-04 20:45:29.11736+00,2023-06-04 20:45:29.11736+00
856685d0-b227-4329-b4f0-aafe79c96c2d,e870c4e6-20d5-44be-80b2-dd206ea0c486,FROM,admin@elywork.com,waleed admin,2023-05-31 14:43:23.591133+00,2023-05-31 14:43:23.591133+00
88d0c0f3-1968-4ff9-8c36-85b64d739694,fca3e481-9d57-48c2-9df1-2df6957ce7a7,FROM,admin@elywork.com,waleed admin,2023-06-03 11:03:38.327933+00,2023-06-03 11:03:38.327933+00
986e5d84-89f9-4ed9-9545-2c86a6953b72,1c5f703b-4422-4f70-8f1f-6ff4c74d7f1f,CC_LIST,alice@example.com,Alice Smith,2023-06-04 20:45:29.11736+00,2023-06-04 20:45:29.11736+00
99b342df-5a8f-4de3-99e9-380a0e2d1b60,5560eef1-25b3-4df0-a889-7c51fd7081a3,TO_LIST,matthew@example.com,Matthew Martinez,2023-06-04 20:45:29.11736+00,2023-06-04 20:45:29.11736+00
9a8671f3-5030-42f4-8fe4-d6eb4e9a42ad,5560eef1-25b3-4df0-a889-7c51fd7081a3,TO_LIST,emma@example.com,Emma Anderson,2023-06-04 20:45:29.11736+00,2023-06-04 20:45:29.11736+00
a06ac0f6-8ec0-4a94-9870-bc32ccce1232,e3b97563-9379-4e02-945a-4ea5856d96d0,FROM_LIST,wmfarooqi05@gmail.com,Waleed Mehmood,2023-06-05 16:23:37.38007+00,2023-06-05 17:25:37.8464+00
a432bf98-5c9b-4316-8c69-a922a38e303d,9b15eef7-b97f-4ae3-923d-62ba57b5a79b,FROM_LIST,wmfarooqi05@gmail.com,Waleed Mehmood,2023-06-05 16:23:37.38007+00,2023-06-05 16:23:37.38007+00
b10ca939-06de-4da2-8a1b-7339d2f092d1,4cece66b-f615-4853-b5b8-e1fc78ee0c26,FROM,wmfarooqi05@gmail.com,Waleed Farooqi,2023-06-03 15:23:33.546439+00,2023-06-03 15:23:33.546439+00
b1e1c396-b4ea-406f-b83c-9b181d84c92f,4cece66b-f615-4853-b5b8-e1fc78ee0c26,FROM,wmfarooqi05@gmail.com,Waleed Farooqi,2023-06-03 15:26:49.726447+00,2023-06-03 15:26:49.726447+00
b2d1053e-33b6-47fc-9d1d-b7b024d0325b,0a5a94f8-1765-4bb4-a5f6-2a6b826f5a44,TO_LIST,oliver@example.com,Oliver Hill,2023-06-04 20:45:29.11736+00,2023-06-04 20:45:29.11736+00
c6dd547e-dfc4-4e3a-9dd8-82d3afce472b,4cece66b-f615-4853-b5b8-e1fc78ee0c26,TO_LIST,admin@elywork.com,,2023-06-03 15:26:49.726447+00,2023-06-03 15:26:49.726447+00
cddc9e38-c8f0-4cf6-974c-baf9d7a41a29,853181ec-7c6d-43a6-b024-2e7d95402e3c,FROM_LIST,wmfarooqi70@gmail.com,Farooqi 70,2023-06-05 16:23:37.38007+00,2023-06-05 17:25:37.8464+00
d4a91f47-8d7d-4fc9-9ebd-7057b88e2f59,d398589e-d0dd-43c9-a12d-2c6a9b23166c,TO_LIST,michael@example.com,Michael Lee,2023-06-04 20:45:29.11736+00,2023-06-04 20:45:29.11736+00
d8823b84-d7bc-4591-8c6f-d15d964409f6,5e1e4a6f-81c6-43b5-a9e9-0c1587537dd3,CC_LIST,chloe@example.com,Chloe Allen,2023-06-04 20:45:29.11736+00,2023-06-04 20:45:29.11736+00
e13b875f-5b0c-4b8f-907f-83e5e2b8688d,0a5a94f8-1765-4bb4-a5f6-2a6b826f5a44,BCC_LIST,logan@example.com,Logan Wright,2023-06-04 20:45:29.11736+00,2023-06-04 20:45:29.11736+00
e1d73a2a-d5df-4be1-bc70-248289a8b74a,1c5f703b-4422-4f70-8f1f-6ff4c74d7f1f,TO_LIST,john@example.com,John Doe,2023-06-04 20:45:29.113371+00,2023-06-04 20:45:29.113371+00
e6ce7100-ec0f-412f-a28f-ae752141f2ae,d398589e-d0dd-43c9-a12d-2c6a9b23166c,TO_LIST,emily@example.com,Emily Brown,2023-06-04 20:45:29.11736+00,2023-06-04 20:45:29.11736+00
f1e28a8c-1366-48a4-b4ff-7ab45e38b437,5560eef1-25b3-4df0-a889-7c51fd7081a3,CC_LIST,sophia@example.com,Sophia Lopez,2023-06-04 20:45:29.11736+00,2023-06-04 20:45:29.11736+00
f76c5093-8229-4032-bb90-1c00470928e8,fca3e481-9d57-48c2-9df1-2df6957ce7a7,TO_LIST,wmfarooqi70@gmail.com,waleed 70,2023-06-03 11:03:38.327933+00,2023-06-03 11:03:38.327933+00
fcdad8a0-d2c9-4811-9fa3-9488e0e0a7fc,0a5a94f8-1765-4bb4-a5f6-2a6b826f5a44,CC_LIST,ava@example.com,Ava Lewis,2023-06-04 20:45:29.11736+00,2023-06-04 20:45:29.11736+00
ff56f353-825e-4c92-8617-03fcadd4817f,175f38cd-323e-4989-9847-5186583dd37e,TO_LIST,wmfarooqi70@gmail.com,Farooqi 70,2023-06-05 16:23:37.38007+00,2023-06-05 16:23:37.38007+00